{"cameraMode":{"drawMode":0,"name":"Shaded","section":"Shading Mode"},"sceneLighting":true,"audioPlay":false,"sceneViewState":{"m_AlwaysRefresh":false,"showFog":true,"showSkybox":true,"showFlares":true,"showImageEffects":true,"showParticleSystems":true,"showVisualEffectGraphs":true,"m_FxEnabled":true},"in2DMode":false,"pivot":{"x":0.29859593510627749,"y":0.9888790249824524,"z":-0.5468425750732422},"rotation":{"x":0.07935389876365662,"y":0.03975991532206535,"z":-0.0031924208160489799,"w":0.9960768222808838},"size":2.36515474319458,"orthographic":false}