{"cameraMode":{"drawMode":0,"name":"Shaded","section":"Shading Mode"},"sceneLighting":false,"audioPlay":false,"sceneViewState":{"m_AlwaysRefresh":false,"showFog":true,"showSkybox":false,"showFlares":true,"showImageEffects":true,"showParticleSystems":true,"showVisualEffectGraphs":true,"m_FxEnabled":true},"in2DMode":false,"pivot":{"x":1.1920928955078126e-7,"y":2.6759023666381838,"z":0.0000019073486328125},"rotation":{"x":0.0736592710018158,"y":-0.9239012598991394,"z":0.22845661640167237,"w":0.2980116605758667},"size":4.758874893188477,"orthographic":false}