{"cameraMode":{"drawMode":0,"name":"Shaded","section":"Shading Mode"},"sceneLighting":false,"audioPlay":false,"sceneViewState":{"m_AlwaysRefresh":false,"showFog":true,"showSkybox":false,"showFlares":true,"showImageEffects":true,"showParticleSystems":true,"showVisualEffectGraphs":true,"m_FxEnabled":true},"in2DMode":false,"pivot":{"x":0.00008213520050048828,"y":0.3554343283176422,"z":0.012040942907333374},"rotation":{"x":-0.18736852705478669,"y":-0.07242730259895325,"z":0.013850216753780842,"w":-0.9795374870300293},"size":0.5917173027992249,"orthographic":false}