{"cameraMode":{"drawMode":0,"name":"Shaded","section":"Shading Mode"},"sceneLighting":true,"audioPlay":false,"sceneViewState":{"m_AlwaysRefresh":false,"showFog":true,"showSkybox":true,"showFlares":true,"showImageEffects":true,"showParticleSystems":true,"showVisualEffectGraphs":true,"m_FxEnabled":true},"in2DMode":false,"pivot":{"x":77.94029998779297,"y":37.24736785888672,"z":-54.21234130859375},"rotation":{"x":0.02130809985101223,"y":0.0044940016232430939,"z":-0.00009333317575510591,"w":0.9997691512107849},"size":18.85845947265625,"orthographic":false}